Game,Time,GrSubject,BR1,BR2,BR3,twdbr1,twdbr2,twdbr3
48,2,1,103.1604,4.7697997,7.0698,1,1,1
48,2,2,8.283046,98.43391,8.283046,1,1,1
48,2,3,11.487866,9.187866,94.324265,0,0,1
48,3,1,104.07976,14.21012,-3.28988,1,1,1
48,3,2,12.607043,97.210915,5.1820436,1,1,1
48,3,3,7.3333087,16.258308,91.40839,0,1,1
48,4,1,104.07976,5.2101197,5.7101197,1,1,0
48,4,2,24.9625,90.95,-0.9125,1,0,0
48,4,3,19.592459,10.96746,84.44008,1,1,0
48,5,1,110.59235,-10.0118,14.41945,1,1,0
48,5,2,23.104046,90.16691,1.7290461,1,1,1
48,5,3,37.708126,-7.135625,84.4275,1,0,0
48,6,1,106.66835,23.590826,-15.259174,1,1,1
48,6,2,24.051126,90.28994,0.65893817,0,1,1
48,6,3,28.310646,6.7028346,79.98652,0,1,1
48,7,1,114.3401,5.329949,-4.670051,1,1,0
48,7,2,31.022776,92.06695,-8.089725,1,1,1
48,7,3,22.151398,20.613897,72.2347,1,1,0
48,8,1,107.46891,7.5155444,0.015544301,1,1,1
48,8,2,24.972136,94.055725,-4.027864,0,1,0
48,8,3,30.179283,10.179283,74.64143,0,1,1
48,9,1,104.64841,13.925796,-3.5742044,1,1,1
48,9,2,25.709385,94.20623,-4.915615,1,1,0
48,9,3,32.50593,8.130932,74.36314,0,0,1
48,10,1,103.47114,9.514432,2.0144322,1,0,1
48,10,2,29.217674,94.68965,-8.907327,1,0,0
48,10,3,25.906769,11.53177,77.56146,1,1,1
48,11,1,98.128044,2.185979,14.685979,1,1,1
48,11,2,11.292423,94.29015,9.417423,1,1,1
48,11,3,13.321888,12.696888,88.981224,0,0,1
48,12,1,101.19248,6.9037595,6.9037595,1,1,1
48,12,2,20.596863,89.431274,4.9718633,1,1,0
48,12,3,25.966835,4.091835,84.94133,1,0,1
48,13,1,99.42387,6.5380664,9.038067,1,0,0
48,13,2,21.129335,88.99133,4.879335,1,1,0
48,13,3,25.28579,6.535789,83.17842,1,0,0
48,14,1,102.47384,9.544332,2.981831,1,0,0
48,14,2,30.691252,88.30499,-3.9962482,1,1,0
48,14,3,25.28579,6.535789,83.17842,1,1,1
48,15,1,101.666824,7.9165893,5.4165893,1,0,0
48,15,2,19.305,92.64,3.055,1,1,0
48,15,3,25.28579,6.535789,83.17842,1,1,1
48,16,1,98.550964,0.7245191,15.724519,1,0,1
48,16,2,15.530677,87.688644,11.780677,0,1,0
48,16,3,25.28579,6.535789,83.17842,1,0,1
48,17,1,98.916725,3.791638,12.291637,1,0,0
48,17,2,16.970776,87.30845,10.720776,1,1,1
48,17,3,23.226025,8.476026,83.29795,1,1,1
48,18,1,99.917206,1.2913985,13.791398,1,1,1
48,18,2,17.213938,86.82213,10.963938,1,1,1
48,18,3,22.866022,9.116023,83.01795,1,1,1
48,19,1,99.79603,1.1019857,14.101986,1,1,0
48,19,2,16.131716,85.86157,13.006716,1,1,1
48,19,3,23.85169,6.4766893,84.67162,1,1,1
48,20,1,98.84199,1.0790048,15.079005,1,0,0
48,20,2,16.058577,85.88284,13.058577,1,1,1
48,20,3,25.143904,5.1439037,84.7122,1,0,1
48,21,1,97.60596,4.197021,13.197021,1,0,0
48,21,2,16.504091,85.99181,12.504092,1,1,1
48,21,3,25.143904,5.1439037,84.7122,1,0,1
49,2,1,102.49343,6.290783,6.215783,1,1,1
49,2,2,13.186419,97.40216,4.4114184,1,1,1
49,2,3,16.046843,7.3468423,91.606316,1,0,1
49,3,1,99.867226,11.900762,3.2320118,0,0,0
49,3,2,9.814405,97.87119,7.314405,1,1,0
49,3,3,15.073965,11.855215,88.07082,0,1,0
49,4,1,102.44477,8.327616,4.2276154,1,0,1
49,4,2,8.249975,97.000046,9.749975,1,1,1
49,4,3,8.720439,14.570438,91.70912,0,0,1
49,5,1,95.99,28.6925,-9.6825,0,0,0
49,5,2,8.920697,99.65861,6.420697,1,1,1
49,5,3,-4.1854787,34.93952,84.24596,0,1,1
49,6,1,94.220604,33.202198,-12.422801,1,0,1
49,6,2,-7.5832014,100.666405,21.916798,0,1,1
49,6,3,-26.407997,54.967003,86.440994,0,1,0
49,7,1,100.773735,2.1756315,12.0506315,1,1,1
49,7,2,22.657314,99.34162,-6.9989367,0,1,1
49,7,3,8.816048,19.347298,86.836655,1,0,1
49,8,1,95.920944,39.49656,-20.417503,1,1,1
49,8,2,15.124165,93.25167,6.6241646,1,1,1
49,8,3,4.4558797,34.541817,76.002304,0,1,1
49,9,1,101.17,7.3525,6.4775,1,1,1
49,9,2,18.107548,102.534904,-5.6424513,0,1,1
49,9,3,15.959816,21.334816,77.70537,1,0,1
49,10,1,101.20144,9.8680315,3.9305313,1,0,1
49,10,2,12.84,94.32,7.84,1,0,0
49,10,3,20.380154,11.942654,82.67719,0,0,0
49,11,1,101.634575,5.907714,7.457714,1,1,1
49,11,2,15.145634,96.793106,3.0612586,0,1,1
49,11,3,21.428438,5.4628124,88.10875,1,0,1
49,12,1,102.05362,7.0837374,5.8626437,0,0,0
49,12,2,21.67797,95.24406,-1.9220299,1,1,1
49,12,3,30.359453,0.13835937,84.50219,0,0,1
49,13,1,98.20827,26.045866,-9.254134,0,0,0
49,13,2,18.57197,95.26134,1.1666956,1,1,0
49,13,3,17.443012,19.348286,78.2087,0,1,1
49,14,1,98.4967,21.05231,-4.5490074,0,0,0
49,14,2,18.898067,92.75387,3.348067,1,1,0
49,14,3,15.602653,20.051334,79.346016,1,0,1
49,15,1,97.11173,20.262886,-2.3746145,1,1,1
49,15,2,14.7645855,92.970825,7.2645855,1,1,0
49,15,3,13.717461,21.07996,80.20258,0,0,1
49,16,1,96.224174,19.700415,-0.9245862,0,0,0
49,16,2,19.15979,91.68042,4.159789,0,1,1
49,16,3,16.600725,18.475725,79.923546,0,0,1
49,17,1,97.04974,20.22513,-2.2748706,1,0,0
49,17,2,8.923627,97.15275,8.923627,1,1,0
49,17,3,6.109188,28.609188,80.281624,0,1,1
49,18,1,97.62093,15.564534,1.8145341,1,1,0
49,18,2,12.84,94.32,7.84,0,1,1
49,18,3,3.1305258,29.380526,82.488945,0,1,0
49,19,1,98.20827,23.395866,-6.604134,1,0,1
49,19,2,14.814405,97.87119,2.314405,0,1,1
49,19,3,5.033653,27.533653,82.43269,1,1,1
49,20,1,97.91262,20.731188,-3.643812,0,0,0
49,20,2,16.67966,97.89068,0.42966172,0,0,0
49,20,3,9.2275,28.6025,77.17,0,1,1
49,21,1,103.59791,0.85729533,10.544795,1,0,0
49,21,2,16.035,96.48,2.485,0,0,0
49,21,3,22.001736,10.6392355,82.35903,1,0,0
49,22,1,103.94662,4.720441,6.3329406,1,0,0
49,22,2,16.320396,100.9092,-2.2296028,1,1,1
49,22,3,22.955828,8.518328,83.52584,1,0,1
49,23,1,102.01552,4.9297414,8.054742,0,0,0
49,23,2,11.320397,100.9092,2.7703972,1,1,0
49,23,3,22.865753,9.415753,82.71849,1,0,0
49,24,1,100.76275,6.306124,7.931124,0,1,0
49,24,2,11.182106,102.38579,1.4321058,1,1,1
49,24,3,20.34863,10.19863,84.452736,1,1,0
49,25,1,104.35577,6.7596173,3.8846173,1,0,0
49,25,2,9.807478,100.38504,4.807478,0,1,0
49,25,3,13.389924,11.389924,90.22015,0,0,1
49,26,1,103.67957,5.8727136,5.447714,1,0,0
49,26,2,9.807478,100.38504,4.807478,1,1,1
49,26,3,12.988378,10.913378,91.09824,0,0,1
49,27,1,101.59683,11.701584,1.7015835,1,0,0
49,27,2,8.920697,99.65861,6.420697,1,1,0
49,27,3,8.926102,16.426102,89.6478,0,0,1
51,2,1,101.368645,8.69068,4.940679,1,1,1
51,2,2,10.429662,97.89068,6.6796618,0,1,1
51,2,3,11.833179,11.833179,91.33364,0,0,1
51,3,1,101.87258,8.90746,4.21996,1,1,1
51,3,2,12.417,97.8535,4.7295,1,0,1
51,3,3,14.301174,11.301174,89.39765,0,1,0
51,4,1,102.58764,8.706181,3.7061803,1,1,1
51,4,2,14.561974,97.54793,2.8900986,0,1,0
51,4,3,13.236244,11.408119,90.35564,1,1,1
51,5,1,103.923546,6.7686944,4.307757,0,1,0
51,5,2,14.641484,97.174065,3.184453,1,1,1
51,5,3,19.185062,7.767093,88.047844,0,1,0
51,6,1,103.41148,12.176387,-0.5878711,0,0,1
51,6,2,16.552132,95.86097,2.5868979,1,1,1
51,6,3,14.385679,14.386656,86.22766,0,0,1
51,7,1,100.7561,22.067604,-7.8237047,1,0,1
51,7,2,16.191597,97.65787,1.1505322,0,1,1
51,7,3,6.928903,26.878658,81.19244,1,0,1
51,8,1,94.75033,20.873688,-0.62401795,1,1,0
51,8,2,10.930374,99.37464,4.6949863,1,1,0
51,8,3,12.850373,25.562935,76.58669,0,1,1
51,9,1,95.46692,19.60561,-0.072530076,1,1,0
51,9,2,14.195397,96.30549,4.4991107,1,1,0
51,9,3,15.544204,22.41863,77.03717,0,0,0
51,10,1,99.30596,22.034056,-6.340016,1,0,1
51,10,2,23.75666,96.206215,-4.962875,1,1,1
51,10,3,14.631619,22.377083,77.991295,1,1,1
51,11,1,97.14164,30.269123,-12.410762,1,0,1
51,11,2,19.465277,96.912964,-1.3782411,0,1,1
51,11,3,10.694303,32.357937,71.94776,1,0,1
51,12,1,97.74922,-13.894171,31.14495,0,1,1
51,12,2,3.5917702,92.23643,19.171799,1,1,0
51,12,3,27.44258,8.90167,78.65575,1,0,1
51,13,1,103.91224,-15.278624,26.366385,1,1,1
51,13,2,3.2130983,87.314026,24.472878,1,1,1
51,13,3,12.08141,-0.53336245,103.45195,0,1,1
51,14,1,105.68042,3.1597917,6.1597915,1,0,1
51,14,2,8.3270645,86.934616,19.738317,0,0,1
51,14,3,16.15547,11.744217,87.10031,0,1,0
51,15,1,106.709496,4.8952513,3.3952513,1,0,1
51,15,2,19.806896,88.63621,6.556896,1,1,1
51,15,3,14.302048,17.052048,83.645905,1,1,1
51,16,1,96.224174,25.637915,-6.8620863,1,0,1
51,16,2,12.31125,95.315,7.37375,1,1,1
51,16,3,7.1849756,27.497475,80.31755,0,0,0
51,17,1,97.06906,26.682657,-8.751717,1,0,1
51,17,2,23.10204,98.67092,-6.7729607,1,0,1
51,17,3,9.554922,29.945547,75.499535,0,0,1
51,18,1,101.40706,23.505846,-9.912904,1,1,0
51,18,2,24.14898,98.81064,-7.9596143,0,1,1
51,18,3,18.309484,23.449327,73.24119,1,1,1
51,19,1,95.083046,3.4720514,16.444902,1,1,1
51,19,2,3.8470314,90.91062,20.242344,1,1,1
51,19,3,18.853113,22.930653,73.21623,1,1,0
51,20,1,91.94902,-1.2739245,24.324903,1,1,0
51,20,2,0.51975685,86.21727,28.26297,1,1,1
51,20,3,12.435484,16.2911,86.273415,1,1,1
51,21,1,90.245415,3.1593916,21.595196,1,0,1
51,21,2,4.5996695,84.150955,26.249376,1,1,1
51,21,3,11.495383,15.781479,87.72314,1,1,1
51,22,1,93.79139,5.104304,16.104303,1,0,1
51,22,2,7.723245,84.69456,22.582195,1,1,1
51,22,3,17.353947,13.994995,83.65106,1,0,0
51,23,1,91.14325,4.0710063,19.785744,1,1,0
51,23,2,8.467027,84.06595,22.467028,1,0,0
51,23,3,12.258064,19.972801,82.769135,0,1,1
51,24,1,91.54488,13.227558,10.227558,1,1,1
51,24,2,12.103854,86.61361,16.282537,1,1,0
51,24,3,12.661665,18.98298,83.355354,0,0,1
51,25,1,96.82821,-9.51144,27.683231,1,1,1
51,25,2,13.081875,87.33625,14.581875,1,1,0
51,25,3,28.674355,-0.4309748,86.75662,0,0,0
51,26,1,96.17723,-5.9386163,24.761383,1,0,1
51,26,2,9.669134,85.11306,20.217802,1,1,1
51,26,3,30.324432,-8.824235,93.4998,1,0,0
51,27,1,94.83286,2.083567,18.083567,1,0,1
51,27,2,12.706291,85.662415,16.63129,1,1,1
51,27,3,22.875454,1.4504538,90.674095,1,0,1
51,28,1,93.16757,16.666216,5.166215,1,1,1
51,28,2,13.857338,87.035324,14.107338,1,0,1
51,28,3,12.33717,20.08717,82.57566,0,0,1
51,29,1,93.44207,15.497717,6.060217,1,1,0
51,29,2,17.62173,88.88154,8.496732,1,0,1
51,29,3,13.3055315,24.49303,77.20144,1,1,0
51,30,1,93.718544,24.804789,-3.5233357,1,1,1
51,30,2,18.254599,93.0533,3.6920993,1,1,1
51,30,3,15.212845,23.54097,76.246185,0,1,1
51,31,1,95.806404,22.41711,-3.223514,1,1,0
51,31,2,22.458046,93.41594,-0.8739844,1,1,1
51,31,3,15.009958,26.701365,73.28868,0,1,0
51,32,1,97.71144,30.219278,-12.930722,1,0,1
51,32,2,27.926968,96.80622,-9.733189,1,1,1
51,32,3,15.1994,26.209557,73.59104,0,1,1
51,33,1,100.54385,30.685595,-16.229445,1,0,1
51,33,2,28.616003,98.8055,-12.421496,0,1,1
51,33,3,17.948925,27.571386,69.47969,1,1,1
51,34,1,97.05023,3.8545709,14.095196,1,1,1
51,34,2,2.6526198,92.67352,19.67386,1,1,1
51,34,3,18.19563,27.915014,68.88936,1,1,0
51,35,1,96.061554,-3.1584303,22.09688,1,1,0
51,35,2,-2.6802013,88.55025,29.129955,1,0,1
51,35,3,11.192656,21.13781,82.66953,1,1,1
51,36,1,95.41498,-1.6837587,21.26878,0,0,0
51,36,2,-2.4271605,87.2905,30.136667,1,1,0
51,36,3,7.70256,20.59127,86.70617,1,1,0
51,37,1,97.01301,-8.756502,26.743498,1,1,0
51,37,2,-4.1500287,87.56192,31.588106,0,1,1
51,37,3,16.192274,10.45414,88.353584,1,1,0
51,38,1,94.433876,-4.4669394,25.03306,1,1,0
51,38,2,7.5459785,83.53304,23.920979,0,0,1
51,38,3,19.186901,8.8119,87.0012,1,1,0
51,39,1,98.417786,-11.958893,28.541107,1,0,0
51,39,2,9.06413,82.97174,22.96413,0,1,1
51,39,3,29.927952,-1.9720489,87.0441,1,1,1
51,40,1,97.50537,0.9973153,16.497314,1,1,0
51,40,2,15.077786,83.44443,16.477787,1,1,0
51,40,3,29.045021,-0.35497987,86.30996,1,0,1
51,41,1,97.27622,1.3618904,16.36189,1,1,0
51,41,2,15.077786,83.44443,16.477787,1,1,1
51,41,3,28.545021,0.14502014,86.30996,1,0,1
51,42,1,93.775406,12.112297,9.112297,1,1,0
51,42,2,15.077786,83.44443,16.477787,1,0,1
51,42,3,17.99,13.09,83.92,0,0,1
51,43,1,94.51128,9.944363,10.544363,1,1,0
51,43,2,16.601744,82.89651,15.501744,1,1,1
51,43,3,18.72028,12.42028,83.859436,0,1,1
51,44,1,96.61501,2.4549916,15.929992,1,1,0
51,44,2,16.601744,82.89651,15.501744,1,1,1
51,44,3,24.5675,4.1425,86.29,0,0,1
51,45,1,96.618416,2.4657924,15.915792,1,1,0
51,45,2,16.601744,82.89651,15.501744,0,1,0
51,45,3,24.553432,4.1534324,86.29314,0,0,1
68,2,1,102.4797,6.2601514,6.2601514,1,0,0
68,2,2,14.948893,96.802216,3.2488923,1,1,1
68,2,3,17.886898,6.1868978,90.92621,0,0,1
68,3,1,102.28169,7.4591556,5.2591553,1,0,1
68,3,2,14.948893,96.802216,3.2488923,1,1,1
68,3,3,16.962822,7.462823,90.574356,0,0,1
68,4,1,102.146706,7.901648,4.951648,1,0,0
68,4,2,15.511467,96.977066,2.511467,0,0,0
68,4,3,17.03801,8.088009,89.873985,1,1,1
68,5,1,102.41165,6.044173,6.544173,0,0,0
68,5,2,15.330261,96.88948,2.7802615,1,1,1
68,5,3,18.275,6.325,90.4,0,0,1
68,6,1,101.79738,7.101311,6.101311,1,0,0
68,6,2,7.7261767,99.047646,8.226176,0,1,1
68,6,3,9.116493,12.116493,93.76701,0,0,1
68,7,1,102.06599,7.217007,5.717007,1,0,1
68,7,2,7.7261767,99.047646,8.226176,0,1,0
68,7,3,9.539583,12.039583,93.42084,0,0,1
68,8,1,102.06599,7.217007,5.717007,1,1,1
68,8,2,7.8120675,99.27586,7.9120674,0,1,0
68,8,3,9.495277,12.345278,93.15945,0,0,1
68,9,1,102.06599,7.217007,5.717007,1,0,0
68,9,2,13.187013,97.475975,4.3370132,1,1,0
68,9,3,14.992488,8.8924885,91.11502,1,0,1
68,10,1,101.532616,6.9836907,6.4836907,1,1,1
68,10,2,12.687013,97.475975,4.8370132,1,1,0
68,10,3,14.57325,8.97325,91.4535,0,0,1
68,11,1,101.24382,6.878089,6.878089,1,1,0
68,11,2,14.964957,96.57008,3.464957,1,1,1
68,11,3,16.5834,7.3334017,91.0832,0,0,1
68,12,1,101.14,7.43,6.43,1,0,1
68,12,2,14.938601,96.4978,3.5636003,0,0,0
68,12,3,16.199083,7.824084,90.97683,0,0,1
68,13,1,101.278404,6.9857974,6.7357974,1,1,0
68,13,2,15.143449,96.713104,3.1434486,0,0,0
68,13,3,16.563536,7.563535,90.87293,0,0,1
68,14,1,102.12685,5.9615784,6.911578,1,1,0
68,14,2,14.95174,96.53402,3.5142407,1,1,1
68,14,3,18.566143,5.8036427,90.63022,0,0,1
68,15,1,102.04216,6.22892,6.72892,1,0,1
68,15,2,14.888384,96.36073,3.7508833,0,0,0
68,15,3,18.440449,5.827948,90.731606,1,0,1
68,16,1,101.85228,5.848861,7.298861,1,1,0
68,16,2,14.412198,96.425606,4.1621985,1,1,1
68,16,3,18.595783,5.645784,90.75843,0,0,1
68,17,1,101.50228,6.4988594,6.9988594,1,0,1
68,17,2,14.35875,96.295,4.34625,1,1,0
68,17,3,17.95625,6.21875,90.825,1,0,1
68,18,1,100.970825,6.7645855,7.2645855,0,0,0
68,18,2,13.912198,96.425606,4.6621985,1,1,0
68,18,3,17.42,6.92,90.66,0,1,1
68,19,1,100.7,6.15,8.15,1,1,0
68,19,2,13.5825,96.21,5.2075,0,1,1
68,19,3,16.7731,7.1480994,91.078804,0,0,1
68,20,1,100.7,6.65,7.65,1,0,1
68,20,2,13.502539,95.99493,5.5025387,0,0,1
68,20,3,16.753288,7.2532883,90.99342,0,0,1
68,21,1,101.25167,6.1241646,7.6241646,1,1,0
68,21,2,13.7775,96.07,5.1525,0,0,0
68,21,3,17.712662,6.587662,90.69968,1,0,1
68,22,1,101.315315,5.117342,8.567342,1,1,0
68,22,2,13.252539,95.99493,5.7525387,1,1,1
68,22,3,18.636898,5.4368978,90.92621,0,0,1
68,23,1,100.970825,7.2645855,6.7645855,1,0,1
68,23,2,13.14763,95.71724,6.1351295,0,1,1
68,23,3,17.797821,7.060322,90.14185,0,1,1
68,24,1,101.235504,7.3822494,6.3822494,1,0,1
68,24,2,13.475726,95.923546,5.6007257,0,1,0
68,24,3,18.1975,8.0725,88.73,0,1,1
68,25,1,101.235504,6.8822494,6.8822494,1,1,0
68,25,2,13.39,95.72,5.89,0,1,1
68,25,3,18.17,8.17,88.66,0,0,1
68,26,1,101.50228,6.9988594,6.4988594,1,1,1
68,26,2,13.340773,95.56846,6.0907726,1,1,0
68,26,3,18.631527,7.8815265,88.486946,0,0,0
68,27,1,102.39829,9.525854,3.0758545,1,0,1
68,27,2,16.318,96.439,2.243,1,1,0
68,27,3,18.56748,8.192479,88.24004,1,1,1
68,28,1,100.7,7.65,6.65,1,1,0
68,28,2,13.63305,96.3464,5.02055,0,1,0
68,28,3,17.809214,9.921715,87.26907,0,0,1
68,29,1,100.7,7.65,6.65,1,1,1
68,29,2,13.786371,95.42725,5.786371,1,1,0
68,29,3,18.502945,8.502944,87.99411,0,0,1
68,30,1,100.44817,8.025915,6.5259147,1,0,1
68,30,2,14.676853,95.14629,5.1768537,1,1,0
68,30,3,18.916307,8.416308,87.66738,1,0,1
68,31,1,99.934006,8.282995,6.7829957,0,0,0
68,31,2,14.204329,95.21635,5.5793285,0,1,0
68,31,3,18.3925,9.0175,87.59,0,0,1
68,32,1,99.934006,8.282995,6.7829957,1,1,1
68,32,2,12.198848,95.8523,6.948848,0,1,0
68,32,3,16.34,10.34,88.32,1,0,1
68,33,1,99.42912,8.035437,7.5354366,1,1,0
68,33,2,12.536371,95.42725,7.036371,0,1,0
68,33,3,17.709568,9.459567,87.830864,0,1,1
68,34,1,99.42912,7.5354366,8.035437,1,1,0
68,34,2,12.371727,95.006546,7.621727,0,1,0
68,34,3,17.752945,9.252944,87.99411,0,0,1
68,35,1,99.42912,7.5354366,8.035437,1,1,1
68,35,2,12.31637,94.867256,7.81637,0,1,1
68,35,3,17.796007,9.046007,88.15798,1,0,1
68,36,1,99.42912,7.5354366,8.035437,1,1,1
68,36,2,12.481755,94.66149,7.8567553,1,1,0
68,36,3,18.8925,8.5175,87.59,0,1,1
68,37,1,99.18023,7.4098835,8.4098835,1,1,0
68,37,2,12.81411,94.24678,7.9391093,0,1,1
68,37,3,18.850798,8.725799,87.4234,0,0,1
68,38,1,99.18023,7.9098835,7.9098835,1,0,1
68,38,2,12.785788,94.17842,8.035788,0,1,0
68,38,3,18.78503,9.03503,87.17994,1,1,1
68,39,1,98.93352,7.28324,8.78324,1,1,0
68,39,2,12.22892,94.04216,8.72892,0,1,0
68,39,3,18.740763,9.240763,87.01847,1,0,1
68,40,1,97.737045,6.6314793,10.631479,1,1,1
68,40,2,9.643122,93.83875,11.518122,1,1,1
68,40,3,18.80702,8.93202,87.260956,1,1,1
69,2,1,92.80652,-13.653261,35.84674,1,0,1
69,2,2,16.155428,82.68915,16.155428,0,1,0
69,2,3,42.39,-7.11,79.72,0,1,0
69,3,1,92.698875,-16.099438,38.400562,1,1,0
69,3,2,-17.626143,83.60228,49.023857,1,1,0
69,3,3,14.509085,1.9090849,98.58183,1,0,0
69,4,1,89.926056,7.7869725,17.286972,1,1,0
69,4,2,-20.119852,82.33971,52.780148,0,1,1
69,4,3,-5.512273,33.137726,87.37454,1,1,0
69,5,1,89.880844,-13.690421,38.809578,1,0,0
69,5,2,-30.119852,82.33971,62.780148,0,1,1
69,5,3,7.260049,12.9100485,94.8299,1,0,0
69,6,1,89.880844,-18.690422,43.809578,1,0,0
69,6,2,-32.3957,81.891396,65.5043,1,0,1
69,6,3,7.260049,12.9100485,94.8299,1,1,1
69,7,1,89.880844,-33.690422,58.809578,1,1,1
69,7,2,-28.726564,82.05313,61.673435,0,1,0
69,7,3,7.345,-2.005,109.66,1,1,1
69,8,1,91.08166,-25.540827,49.45917,1,0,0
69,8,2,-22.993423,83.48685,54.506577,0,1,0
69,8,3,17.559784,-2.440215,99.88043,0,0,0
69,9,1,91.66687,-12.083435,35.416565,1,0,0
69,9,2,-26.594086,83.18817,58.405914,0,0,1
69,9,3,19.374548,9.374548,86.25091,1,0,0
69,10,1,93.99181,-16.995909,38.004093,1,0,0
69,10,2,-23.984676,82.96935,56.015324,1,1,1
69,10,3,21.874548,6.8745475,86.25091,1,1,1
69,11,1,91.36135,21.194324,2.4443235,1,1,0
69,11,2,-0.8277916,85.40559,30.422209,0,1,1
69,11,3,-3.1254523,31.874548,86.25091,1,1,1
69,12,1,89.85672,10.696641,14.446641,0,1,1
69,12,2,-9.411715,90.07343,34.338284,0,0,0
69,12,3,-0.28760004,17.2124,98.0752,0,0,1
69,13,1,90.09082,8.054589,16.85459,1,0,0
69,13,2,-13.124025,97.39805,30.725975,0,0,0
69,13,3,-3.738987,26.261013,92.477974,0,1,1
69,14,1,90.39664,6.601682,18.001682,1,1,1
69,14,2,-13.135903,97.3718,30.764097,0,0,0
69,14,3,-1.2389868,23.761013,92.477974,1,0,0
69,15,1,90.81872,5.1906424,18.990643,1,0,1
69,15,2,8.3657,94.4186,12.2157,0,1,0
69,15,3,21.284842,11.2848425,82.43031,1,1,0
69,16,1,90.81872,5.140642,19.040642,1,0,1
69,16,2,8.353668,94.39266,12.253668,0,1,0
69,16,3,21.284842,11.2848425,82.43031,1,0,1
69,17,1,90.81872,5.1906424,18.990643,1,0,1
69,17,2,8.3657,94.4186,12.2157,0,1,0
69,17,3,21.284842,11.2848425,82.43031,1,1,0
69,18,1,90.81872,5.140642,19.040642,0,0,1
69,18,2,8.353668,94.39266,12.253668,0,1,0
69,18,3,21.284842,11.2848425,82.43031,1,0,1
69,19,1,90.81872,5.1906424,18.990643,1,1,1
69,19,2,-13.875,95.4,33.475,0,0,0
69,19,3,1.7748392,18.324839,94.90032,1,1,1
69,20,1,91.34981,3.6250978,20.025097,1,0,1
69,20,2,16.885212,89.829575,8.2852125,0,1,0
69,20,3,33.609188,1.1091881,80.281624,1,0,1
69,21,1,91.34981,3.6750977,19.975098,1,0,1
69,21,2,15.046663,91.05667,8.896664,0,1,1
69,21,3,31.109188,3.609188,80.281624,1,1,0
69,22,1,91.34981,6.1250978,17.525097,1,1,1
69,22,2,13.15357,92.29286,9.553571,0,1,0
69,22,3,28.06637,8.06637,78.867256,1,0,1
69,23,1,91.34981,6.175098,17.475098,1,1,1
69,23,2,-16.071144,103.29229,27.778856,0,1,1
69,23,3,1.0748302,18.574831,95.35034,0,0,1
69,24,1,92.69734,10.476328,11.826327,1,0,0
69,24,2,-25.905,99.76,41.145,1,0,1
69,24,3,-4.819031,27.63097,92.188065,0,0,0
69,25,1,91.98341,4.608294,18.408295,1,1,1
69,25,2,-25.855,99.76,41.095,0,0,1
69,25,3,-6.205,23.745,97.46,0,1,1
69,26,1,92.71282,2.9435885,19.343588,0,1,0
69,26,2,-12.129963,97.859924,29.270037,0,0,0
69,26,3,8.926102,16.426102,89.6478,1,0,0
69,27,1,93.19403,1.0029864,20.802986,1,0,0
69,27,2,-13.093776,97.38755,30.706224,0,1,1
69,27,3,10.057111,13.507111,91.435776,1,1,1
69,28,1,94.174286,1.162859,19.662859,1,0,0
69,28,2,-12.941855,96.93371,31.008144,0,1,1
69,28,3,12.150991,13.100991,89.74802,1,1,1
69,29,1,94.174286,0.66285896,20.162859,1,0,0
69,29,2,-13.055,96.66,31.395,1,1,1
69,29,3,12.150991,13.100991,89.74802,1,1,1
69,30,1,93.29402,-0.6470127,22.352987,1,0,0
69,30,2,-13.158967,96.367935,31.791033,0,1,1
69,30,3,10.057111,13.507111,91.435776,1,1,1
69,31,1,94.174286,-0.33714107,21.162859,1,0,0
69,31,2,-13.266841,96.08368,32.18316,0,1,1
69,31,3,12.150991,13.100991,89.74802,1,1,1
69,32,1,94.174286,-0.83714104,21.662859,1,0,0
69,32,2,-13.37269,95.79538,32.57731,0,1,1
69,32,3,12.150991,13.100991,89.74802,1,1,0
69,33,1,94.174286,-1.337141,22.162859,1,0,0
69,33,2,-13.480963,95.511925,32.969036,0,1,0
69,33,3,12.150991,13.100991,89.74802,1,1,0
69,34,1,94.174286,-0.83714104,21.662859,1,0,0
69,34,2,-13.590182,95.23036,33.359818,0,1,0
69,34,3,11.9840765,13.934076,89.08185,1,1,0
69,35,1,94.174286,0.16285895,20.662859,1,0,0
69,35,2,-13.705,94.96,33.745,0,1,1
69,35,3,11.728802,15.178802,88.0924,0,1,0
69,36,1,93.99181,-0.49590787,21.504091,1,0,0
69,36,2,-14.311572,94.67314,34.638428,0,1,1
69,36,3,11.728802,15.178802,88.0924,1,1,0
69,37,1,93.99181,-0.9959079,22.004091,1,0,0
69,37,2,-14.424146,94.39829,35.025856,0,1,1
69,37,3,11.728802,15.178802,88.0924,1,1,0
69,38,1,93.99181,-1.4959079,22.504091,1,0,0
69,38,2,-14.538422,94.12685,35.41158,0,1,1
69,38,3,11.728802,15.178802,88.0924,1,1,0
69,39,1,93.99181,-1.5459079,22.554092,1,0,0
69,39,2,-14.548278,94.09656,35.45172,0,1,1
69,39,3,11.728802,15.178802,88.0924,1,1,0
69,40,1,93.99181,-1.5959079,22.604092,1,0,0
69,40,2,-14.559685,94.06937,35.490314,1,1,1
69,40,3,11.728802,15.178802,88.0924,1,1,1
72,2,1,93.697464,-18.11123,39.41377,0,0,1
72,2,2,-6.44729,86.64458,34.80271,1,1,1
72,2,3,20.6725,4.3975,89.93,1,1,0
72,3,1,93.12805,-15.314025,37.185974,1,1,0
72,3,2,-9.611447,87.97289,36.638554,1,1,0
72,3,3,15.476881,9.226881,90.29624,1,1,0
72,4,1,92.35113,-11.175566,33.824436,1,1,0
72,4,2,1.7900306,88.41994,24.790031,0,1,0
72,4,3,22.469236,9.969236,82.56152,1,1,1
72,5,1,100.396194,7.601904,7.001904,1,1,1
72,5,2,40.25,86.4,-11.65,1,0,0
72,5,3,40.566372,-4.43363,78.867256,1,0,1
72,6,1,101.71724,3.191382,10.091382,1,0,0
72,6,2,16.511665,92.62667,5.8616652,0,0,0
72,6,3,18.716595,7.466595,88.81681,0,0,1
72,7,1,102.63201,0.23399575,12.133996,1,0,0
72,7,2,16.511665,92.62667,5.8616652,1,1,1
72,7,3,20.659872,4.409872,89.93025,0,0,1
72,8,1,101.71724,3.191382,10.091382,0,0,0
72,8,2,16.511665,92.62667,5.8616652,0,1,0
72,8,3,18.716595,7.466595,88.81681,0,0,0
72,9,1,102.895096,6.5274515,5.5774517,1,0,1
72,9,2,14.499251,94.5765,5.9242516,0,1,0
72,9,3,14.409255,8.934256,91.65649,0,0,1
72,10,1,102.895096,6.5274515,5.5774517,1,0,1
72,10,2,14.931362,95.674774,4.3938627,0,1,0
72,10,3,14.08875,10.57625,90.335,1,0,1
72,11,1,93.12805,9.685975,12.185975,0,0,0
72,11,2,-4.802424,101.10485,18.697577,0,1,0
72,11,3,14.090809,10.590809,90.31838,1,0,1
72,12,1,93.12805,9.685975,12.185975,1,0,1
72,12,2,-10.153537,102.807076,22.346462,0,1,0
72,12,3,8.761013,13.761013,92.477974,1,0,1
72,13,1,93.12805,9.685975,12.185975,1,0,1
72,13,2,-3.395,108.44,9.955,0,1,0
72,13,3,12.104064,17.104063,85.79187,1,0,0
72,14,1,98.20827,13.395865,3.3958657,0,0,1
72,14,2,21.496464,102.807076,-9.303536,0,1,0
72,14,3,24.426992,10.276993,80.29601,1,1,1
72,15,1,93.99181,-9.495908,30.504091,1,0,1
72,15,2,-11.884311,91.26862,35.61569,0,1,0
72,15,3,8.761013,13.761013,92.477974,1,1,0
72,16,1,97.04974,2.7251294,15.225129,1,0,1
72,16,2,-7.8843107,91.26862,31.615688,0,1,1
72,16,3,16.26751,19.76751,78.96498,1,1,1
72,17,1,103.653755,17.973122,-6.626878,0,0,0
72,17,2,12.747477,97.905045,4.3474765,1,0,1
72,17,3,20.10947,18.60947,76.28106,1,1,1
72,18,1,94.61988,-12.30994,32.69006,1,0,1
72,18,2,-11.884311,91.26862,35.61569,0,1,1
72,18,3,10.68,10.68,93.64,1,1,0
72,19,1,95.957855,-7.9789286,27.02107,1,0,1
72,19,2,-11.835684,91.27137,35.564316,0,1,0
72,19,3,12.993269,12.943269,89.06346,0,0,0
72,20,1,95.957855,-10.478929,29.52107,1,0,1
72,20,2,-15.603982,88.90797,41.69602,0,1,0
72,20,3,14.658429,14.558429,85.78314,1,1,1
72,21,1,102.05661,12.709193,0.23419312,0,0,0
72,21,2,0.04720839,95.23058,19.722208,1,0,1
72,21,3,13.241534,20.591534,81.16693,1,1,1
72,22,1,98.22202,0.8639883,15.913988,1,0,1
72,22,2,-0.11536308,95.23073,19.884638,0,1,0
72,22,3,8.761013,13.761013,92.477974,0,0,1
72,23,1,98.22202,0.8639883,15.913988,1,0,1
72,23,2,2.5642943,95.371414,17.064295,0,1,0
72,23,3,10.96,13.46,90.58,0,0,1
72,24,1,98.22202,0.8639883,15.913988,1,0,0
72,24,2,2.7809002,95.9382,16.280901,0,1,0
72,24,3,10.7944355,14.2944355,89.91113,0,0,1
83,2,1,95.957855,20.77107,-1.7289288,0,0,0
83,2,2,14.09,94.32,6.59,0,0,0
83,2,3,8.38,23.38,83.24,1,0,0
83,3,1,97.106064,20.009468,-2.1155312,1,0,1
83,3,2,2.876758,99.646484,12.476758,1,0,0
83,3,3,4.349087,22.324087,88.32683,1,1,1
83,4,1,95.58167,13.759165,5.659165,0,1,0
83,4,2,3.2033868,102.87447,8.922137,1,1,0
83,4,3,2.5369372,24.718187,87.74487,1,0,1
83,5,1,94.25049,15.374757,5.3747563,1,1,1
83,5,2,-2.490259,103.005516,14.484741,1,1,1
83,5,3,-1.5907447,24.934256,91.65649,0,0,1
83,6,1,93.380424,17.437912,4.1816626,0,0,0
83,6,2,-0.6705512,103.3411,12.329449,1,1,1
83,6,3,-1.6949027,26.548847,90.14606,0,0,0
83,7,1,93.99181,22.504091,-1.4959079,1,1,1
83,7,2,-2.398725,106.36151,11.037212,1,1,1
83,7,3,-6.50178,31.562283,89.9395,1,0,1
83,8,1,92.10017,22.778433,0.12140075,0,1,0
83,8,2,-0.13181219,106.49761,8.634204,0,1,1
83,8,3,-0.7961964,30.312788,85.483406,0,1,1
83,9,1,92.73809,23.298828,-1.0369148,1,0,0
83,9,2,-3.657356,103.78747,14.86989,1,0,0
83,9,3,-3.563873,28.12763,90.43624,1,0,1
83,10,1,92.63432,18.82837,3.5373054,0,0,1
83,10,2,3.5567384,101.213646,10.229614,1,1,1
83,10,3,3.9411838,21.822996,89.235825,0,1,1
83,11,1,93.73425,17.993101,3.272648,1,0,1
83,11,2,2.3050642,102.24219,10.452751,0,1,1
83,11,3,-1.4235626,28.149204,88.27436,1,0,1
83,12,1,93.150986,21.85264,-0.0036291834,1,1,0
83,12,2,2.8115957,105.73362,6.4547873,0,1,1
83,12,3,0.89577985,30.682701,83.42152,0,0,0
83,13,1,95.05657,27.570078,-7.6266522,1,0,1
83,13,2,7.6311235,105.25509,2.1137867,0,0,1
83,13,3,5.482755,28.196823,81.32042,1,1,1
83,14,1,96.41725,22.755632,-4.172884,0,0,0
83,14,2,7.328259,104.96415,2.7075932,0,0,0
83,14,3,7.9438567,28.49304,78.5631,1,1,1
83,15,1,92.68085,8.103226,14.21593,1,1,0
83,15,2,-12.737147,99.31913,28.418018,1,0,1
83,15,3,0.88315684,31.615286,82.50156,1,1,0
83,16,1,90.07794,3.1775448,21.744513,0,1,0
83,16,2,-12.733484,96.533936,31.199549,0,1,1
83,16,3,-2.7749302,24.725069,93.04986,1,1,1
83,17,1,91.45048,5.4622617,18.087261,1,1,1
83,17,2,-22.590113,95.41348,42.17663,1,0,1
83,17,3,-4.7660227,24.342236,95.42379,1,0,1
83,18,1,90.36395,0.8315571,23.804493,1,0,1
83,18,2,-5.213118,90.99292,29.220196,1,0,0
83,18,3,9.632701,12.726451,92.64085,1,1,0
83,19,1,91.396126,-4.5022273,28.106102,1,1,0
83,19,2,0.19328523,88.21343,26.593285,0,1,1
83,19,3,8.49553,11.703858,94.80061,1,0,1
83,20,1,91.691864,-2.49489,25.803028,0,0,0
83,20,2,-1.3420533,86.22994,30.11211,1,1,1
83,20,3,10.081102,8.529019,96.38988,0,1,1
84,2,1,95.957855,28.27107,-9.228929,0,1,1
84,2,2,26.014585,92.970825,-3.9854145,0,1,0
84,2,3,14.31637,21.81637,78.867256,1,0,1
84,3,1,94.220604,27.577198,-6.7978015,1,1,0
84,3,2,20.545,100.16,-5.705,1,0,0
84,3,3,6.753072,32.37807,75.86886,1,0,1
84,4,1,93.49558,28.955332,-7.4509177,0,0,0
84,4,2,16.701298,102.534904,-4.2362013,1,1,1
84,4,3,9.442981,29.286732,76.27029,1,1,1
84,5,1,92.494446,24.983246,-2.4776912,1,1,1
84,5,2,5.248233,101.14416,8.607608,1,1,1
84,5,3,1.9376563,37.03922,76.023125,1,1,1
84,6,1,90.329315,23.473038,1.1976469,1,1,0
84,6,2,13.964437,91.39574,9.639828,1,1,0
84,6,3,18.100542,19.700542,77.19891,1,1,1
84,7,1,92.50793,15.446037,7.0460377,0,0,0
84,7,2,-0.67684317,95.95369,19.723156,1,1,0
84,7,3,-3.3138304,34.68617,83.62766,1,1,1
84,8,1,90.44129,19.029356,5.5293555,1,1,1
84,8,2,-9.75,98.1,26.65,1,1,1
84,8,3,-7.414309,37.68569,84.728615,0,0,1
84,9,1,90.44129,18.029356,6.5293555,1,1,0
84,9,2,13.004243,91.366516,10.629243,1,1,1
84,9,3,12.5278425,24.902843,77.56931,1,1,1
84,10,1,92.179985,16.706882,6.1131325,1,1,1
84,10,2,16.549376,90.6825,7.768125,1,1,1
84,10,3,18.29416,19.66916,77.036674,1,1,1
84,11,1,92.85585,17.743952,4.400202,0,0,0
84,11,2,19.171623,88.71144,7.116935,0,0,1
84,11,3,18.809053,21.20749,74.98346,0,1,0
84,12,1,92.251976,20.049011,2.6990113,1,1,1
84,12,2,1.864512,94.00691,19.128574,1,1,1
84,12,3,-1.2323776,36.85356,79.378815,0,1,1
84,13,1,92.107765,13.371116,9.521115,0,1,0
84,13,2,15.984136,87.78173,11.234136,1,1,1
84,13,3,16.585667,17.185667,81.22867,0,0,1
84,14,1,92.69734,17.576328,4.7263274,0,0,1
84,14,2,-7.54625,95.455,27.09125,1,0,1
84,14,3,-7.9354157,38.277084,84.65833,0,1,1
84,15,1,91.45648,5.9467587,17.59676,1,1,1
84,15,2,-8.413333,97.18916,26.224167,0,0,0
84,15,3,-11.72875,33.48375,93.245,1,1,1
84,16,1,89.89075,11.251503,13.857753,0,1,0
84,16,2,5.6965227,92.39133,16.912148,1,1,1
84,16,3,14.319371,11.816246,88.86438,1,1,1
84,17,1,92.48311,10.981492,11.535398,1,0,0
84,17,2,1.3017197,90.89656,22.80172,0,1,1
84,17,3,2.666343,24.22025,88.11341,0,1,1
84,18,1,92.65108,13.674459,8.674459,0,0,0
84,18,2,1.3017197,90.89656,22.80172,0,0,1
84,18,3,2.6738327,26.173832,86.152336,0,1,1
84,19,1,94.74151,3.1292472,17.129248,1,0,0
84,19,2,0.3451225,91.30975,23.345123,1,1,1
84,19,3,8.832892,15.332892,90.83421,0,0,1
84,20,1,92.50242,8.498792,13.998792,1,0,0
84,20,2,0.98288244,91.03423,22.982882,0,0,0
84,20,3,2.8151555,22.315155,89.86969,0,1,1
85,2,1,94.936226,-4.9681134,25.031887,0,1,0
85,2,2,-2.723794,90.447586,27.276205,1,1,0
85,2,3,12.676102,12.676102,89.6478,0,0,0
85,3,1,91.36135,-5.0556765,28.694324,1,0,1
85,3,2,-10.69683,87.64366,38.05317,1,1,1
85,3,3,-0.093219556,14.90678,100.18644,1,1,1
85,4,1,90.58955,7.2364764,17.173977,0,0,0
85,4,2,-7.104134,90.20827,31.895866,1,0,0
85,4,3,-9.773911,36.16359,88.61032,0,0,0
85,5,1,90.14121,-3.0706081,27.929392,1,1,1
85,5,2,-17.187065,86.87413,45.312935,0,1,0
85,5,3,-15.3983755,40.601624,89.79675,1,0,0
85,6,1,95.03725,-17.518621,37.481377,1,1,0
85,6,2,-11.898092,83.79618,43.10191,1,1,1
85,6,3,3.060412,20.560411,91.37917,1,1,1
85,7,1,90.03732,12.48134,12.48134,1,1,1
85,7,2,24.852987,85.29402,4.8529873,1,0,1
85,7,3,16.109188,18.609188,80.281624,1,0,0
85,8,1,91.36135,24.944324,-1.3056765,1,0,0
85,8,2,-0.84021086,91.68042,24.15979,1,0,1
85,8,3,0.9565568,37.20656,76.83688,0,0,0
85,9,1,90.645805,4.427098,19.927097,1,0,1
85,9,2,-6.8980923,83.79618,38.10191,1,0,1
85,9,3,-4.3286304,40.171368,79.157265,0,0,0
85,10,1,89.94092,-1.845459,26.904541,0,1,1
85,10,2,-1.8980922,83.79618,33.10191,1,0,0
85,10,3,-11.869474,44.380527,82.488945,0,1,1
85,11,1,89.91088,0.66955894,24.41956,1,1,0
85,11,2,-3.8445725,82.68915,36.155426,1,1,0
85,11,3,-10.914111,40.335888,85.578224,0,1,1
85,12,1,96.93549,4.032254,14.032254,1,0,0
85,12,2,-1.446098,82.8922,33.5539,1,1,0
85,12,3,7.4008613,29.900862,77.69828,1,1,0
85,13,1,102.93208,-3.9660425,16.033957,1,1,0
85,13,2,-9.337141,86.174286,38.162857,0,1,0
85,13,3,1.4029677,23.902967,89.69406,1,1,1
85,14,1,102.8797,13.560149,-1.439851,1,0,1
85,14,2,5.662859,86.174286,23.162859,1,1,1
85,14,3,-0.50580186,29.494198,86.011604,1,1,1
85,15,1,90.16152,12.106739,12.731739,1,1,0
85,15,2,-1.61,95.72,20.89,0,1,1
85,15,3,4.123304,27.248304,83.628395,1,1,0
85,16,1,91.08166,14.459173,9.459173,0,0,0
85,16,2,0.36189044,89.27622,25.36189,0,0,0
85,16,3,5.1044164,25.104416,84.79117,0,0,1
85,17,1,96.83673,20.331633,-2.1683674,1,1,0
85,17,2,3.08,88.84,23.08,1,0,1
85,17,3,6.0040593,28.504059,80.49188,1,1,1
85,18,1,89.91088,13.169559,11.919559,1,0,1
85,18,2,-5.568576,91.13715,29.431423,1,0,0
85,18,3,0.41713655,26.667137,87.915726,1,0,0
85,19,1,95.56435,7.217825,12.217825,1,0,1
85,19,2,-3.0685759,91.13715,26.931423,1,1,1
85,19,3,7.3516417,22.351643,85.296715,1,1,1
85,20,1,89.85672,11.946641,13.196641,1,0,0
85,20,2,-1.5367155,93.07343,23.463285,0,1,1
85,20,3,0.39001682,29.140017,85.46996,1,1,0
107,2,1,96.14577,28.814617,-9.960382,0,1,1
107,2,2,41.81057,88.90386,-15.71443,1,1,1
107,2,3,29.711195,10.961195,74.32761,0,1,1
107,3,1,112.31809,10.575331,-7.8934193,0,0,0
107,3,2,47.81806,91.27013,-24.08819,0,0,1
107,3,3,49.866203,-3.571295,68.70509,1,1,1
107,4,1,116.93634,-9.909575,7.9732366,1,0,1
107,4,2,43.641422,84.52653,-13.167952,1,1,0
107,4,3,55.57696,-8.949602,68.37264,0,0,0
107,5,1,97.82996,-6.8138084,23.983849,0,0,1
107,5,2,19.752987,85.19403,10.052986,1,1,1
107,5,3,48.061268,-1.441075,68.37981,1,1,0
107,6,1,92.70511,1.7349447,20.559944,0,1,1
107,6,2,26.031824,82.63635,6.3318233,1,1,1
107,6,3,25.21907,21.24407,68.53686,1,1,0
107,7,1,94.43,-1.6275,22.1975,0,1,0
107,7,2,19.032183,82.229385,13.738433,0,0,0
107,7,3,34.579056,6.197806,74.22314,0,1,0
107,8,1,93.39362,0.35553077,21.250843,0,1,1
107,8,2,17.725761,81.943794,15.330448,0,0,1
107,8,3,34.595867,6.1958656,74.20827,1,0,0
